Inbred_Line_ID,Haplotype.aa
12LN10-10,VGFA.VAYG
12LN10-12,VGFG.VGFA
12LN10-13,IGFG.IGFG
12LN10-23,IGFG.IGFG
12LN10-29,IGFG.IGFG
12LN10-32,IGFG.IGYG
12LN10-35,VAYG.VAYG
12LN10-38,IGFG.IGYG
12LN10-40,VGFG.VGFG
12LN10-43,VAYG.VAYG
12LN10-57,IGFG.IGFG
12LN10-59,IGFG.IGFG
12LN10-65,IGFG.IGFG
12LN10-67,IGFG.IGFG
12LN10-70,IGFG.IGFG
12LN10-71_B,VGFA.VGFA
12LN10-80,IGFG.IGFG
12LN10-82,IGFG.IGFG
12LN10-83,IGFG.IGFG
12LN10-84,IGFG.IGFG
12LN10-86,IGFG.IGFG
12LN10-89,IGFG.VAYA
12LN10-95,VAYG.VAYG
12LN10-96,IGFG.IGFG
12LN10-97,IGFG.IGFG
12LN6-12_B62,IGFG.IGFG
12LN6-15_B41,VGFA.VGFA
12LN6-16_B78,IGFG.IGFG
12LN6-28_B69,IGFG.IGFG
12LN6-2_B71,IGFG.IGFG
12LN6-30_B66,IGFG.IGFG
12LN6-31_B21,IGFG.IGFG
12LN6-41_B47,IGFG.IGFA
12LN6-45_B26,VAYG.VAYG
12LN6-46_B37,VAYG.VAYG
12LN6-49_B9,IGFG.IGFG
12LN6-4_B64,IGFG.VAFG
12LN6-50_B31,IGFG.IGFG
12LN6-66_B2,IGFG.IGFG
12LN6-70_B33,IGFG.IGFG
12LN6-79_B81,VGFG.VGFG
12LN6-82_B4,VAYG.VAYG
12LN6-86_B29,VGFG.VGFG
12LN6-92_B3,IGFG.IGFG
12LN6-94_B19,VAYG.VAYG
LNPA-11,IGFG.IGFG
LNPA-14,VGFA.VGFA
LNPA-15_12LN-15,VGFA.VGFA
LNPA-17,VGFA.VGFA
LNPA-29_SP,IGFG.VAYG
LNPA-2_SP,IGFG.IGFG
LNPA-3,IGFG.IGFG
LNPA-31,IGFG.IGFG
LNPA-34,IGFG.IGFG
LNPA-36,IGFG.VGFA
LNPA-37,VAYG.VAYG
LNPA-38,IGFG.IGFG
LNPA-40,VGFA.VGFA
LNPA-43_SP,IGFG.VGFA
LNPA-44,IGFG.IGFG
LNPA-47_SP,IGFG.IGFG
LNPA-53,VGFG.VGFG
LNPA-58_SP,IGFG.IGFG
LNPA-5_SP,VGFG.VGFG
LNPA-61,IGFG.IGFG
LNPA-62,IGFG.IGFG
LNPA-65_SP,IGFG.IGFG
LNPA-66,IGFG.IGFG
LNPA-75_SP,VGFA.VGFA
LNPA-77,IGFG.IGFG
LNPA-79,IGFG.IGFG
LNPA-7_SP,IGFG.IGFG
LNPA-85,VGFG.VAYG
LNPA-87,VGFA.VGFA
LNPA-8_SP,IGFG.IGFG
LNPA-9,IGFG.IGFG
